CityPage\海口\1.json,2022-04-07 11:48:53
CityPage\海口\1.json,2022-04-07 11:49:35
CityPage\海口\2.json,2022-04-07 11:49:35
CityPage\海口\3.json,2022-04-07 11:49:36
CityPage\海口\4.json,2022-04-07 11:50:09
CityPage\海口\5.json,2022-04-07 11:50:09
CityPage\海口\6.json,2022-04-07 11:50:10
CityPage\海口\7.json,2022-04-07 11:50:10
CityPage\海口\8.json,2022-04-07 11:50:22
CityPage\海口\9.json,2022-04-07 11:50:23
CityPage\海口\10.json,2022-04-07 11:50:24
CityPage\海口\11.json,2022-04-07 11:55:41
CityPage\海口\12.json,2022-04-07 11:55:44
CityPage\海口\13.json,2022-04-07 11:55:45
CityPage\海口\14.json,2022-04-07 11:55:46
CityPage\海口\15.json,2022-04-07 11:57:09
CityPage\海口\16.json,2022-04-07 11:57:09
CityPage\海口\17.json,2022-04-07 11:57:10
CityPage\海口\18.json,2022-04-07 11:57:25
CityPage\海口\19.json,2022-04-07 11:57:25
CityPage\海口\20.json,2022-04-07 11:57:26
CityPage\海口\21.json,2022-04-07 11:57:52
CityPage\海口\22.json,2022-04-07 11:57:52
CityPage\海口\23.json,2022-04-07 11:57:53
CityPage\海口\24.json,2022-04-07 11:57:53
CityPage\海口\25.json,2022-04-07 11:57:54
CityPage\海口\26.json,2022-04-07 11:58:11
CityPage\海口\27.json,2022-04-07 11:58:11
CityPage\海口\28.json,2022-04-07 11:58:12
CityPage\海口\29.json,2022-04-07 11:58:12
CityPage\海口\30.json,2022-04-07 11:58:13
CityPage\海口\31.json,2022-04-07 11:58:31
CityPage\海口\32.json,2022-04-07 11:58:32
CityPage\海口\33.json,2022-04-07 11:58:32
CityPage\海口\34.json,2022-04-07 11:58:33
CityPage\海口\35.json,2022-04-07 11:58:56
CityPage\海口\36.json,2022-04-07 12:00:56
CityPage\海口\37.json,2022-04-07 12:00:56
CityPage\海口\38.json,2022-04-07 12:00:57
CityPage\海口\39.json,2022-04-07 12:01:09
CityPage\海口\40.json,2022-04-07 12:01:10
CityPage\海口\41.json,2022-04-07 12:01:10
CityPage\海口\42.json,2022-04-07 12:01:11
CityPage\海口\43.json,2022-04-07 12:01:11
CityPage\海口\44.json,2022-04-07 12:01:11
CityPage\海口\45.json,2022-04-07 12:01:27
CityPage\海口\46.json,2022-04-07 12:01:28
CityPage\广州\海珠区\1.json,2022-04-07 12:13:51
CityPage\广州\海珠区\2.json,2022-04-07 12:13:52
CityPage\广州\海珠区\3.json,2022-04-07 12:13:52
CityPage\广州\海珠区\4.json,2022-04-07 12:14:13
CityPage\广州\海珠区\5.json,2022-04-07 12:14:21
CityPage\广州\海珠区\6.json,2022-04-07 12:14:47
CityPage\广州\海珠区\7.json,2022-04-07 12:14:47
CityPage\广州\海珠区\8.json,2022-04-07 12:14:48
CityPage\广州\海珠区\9.json,2022-04-07 12:14:48
CityPage\广州\海珠区\10.json,2022-04-07 12:14:49
CityPage\广州\海珠区\11.json,2022-04-07 12:15:19
CityPage\广州\海珠区\12.json,2022-04-07 12:15:20
CityPage\广州\海珠区\13.json,2022-04-07 12:15:21
CityPage\广州\海珠区\14.json,2022-04-07 12:15:21
CityPage\广州\海珠区\15.json,2022-04-07 12:15:22
CityPage\广州\海珠区\16.json,2022-04-07 12:16:17
CityPage\广州\海珠区\17.json,2022-04-07 12:16:17
CityPage\广州\海珠区\18.json,2022-04-07 12:16:18
CityPage\广州\海珠区\19.json,2022-04-07 12:16:18
CityPage\广州\海珠区\20.json,2022-04-07 12:16:19
CityPage\广州\海珠区\21.json,2022-04-07 12:16:50
CityPage\广州\海珠区\22.json,2022-04-07 12:16:51
CityPage\广州\海珠区\23.json,2022-04-07 12:16:51
CityPage\广州\海珠区\24.json,2022-04-07 12:16:52
CityPage\广州\海珠区\25.json,2022-04-07 12:17:20
CityPage\广州\海珠区\26.json,2022-04-07 12:17:21
CityPage\广州\海珠区\27.json,2022-04-07 12:17:21
CityPage\广州\海珠区\28.json,2022-04-07 12:18:23
CityPage\广州\海珠区\29.json,2022-04-07 12:18:24
CityPage\广州\海珠区\30.json,2022-04-07 12:18:24
CityPage\广州\海珠区\31.json,2022-04-07 12:18:43
CityPage\广州\海珠区\32.json,2022-04-07 12:18:44
CityPage\广州\海珠区\33.json,2022-04-07 12:20:16
CityPage\广州\海珠区\34.json,2022-04-07 12:20:16
CityPage\广州\海珠区\35.json,2022-04-07 12:20:16
CityPage\广州\海珠区\36.json,2022-04-07 12:20:17
CityPage\广州\海珠区\37.json,2022-04-07 12:20:17
CityPage\广州\海珠区\38.json,2022-04-07 12:20:18
CityPage\广州\海珠区\39.json,2022-04-07 12:20:38
CityPage\广州\海珠区\40.json,2022-04-07 12:20:39
CityPage\广州\海珠区\41.json,2022-04-07 12:20:40
CityPage\广州\海珠区\42.json,2022-04-07 12:21:11
CityPage\广州\海珠区\43.json,2022-04-07 12:21:11
CityPage\广州\海珠区\44.json,2022-04-07 12:21:12
CityPage\广州\海珠区\45.json,2022-04-07 12:21:12
CityPage\广州\海珠区\46.json,2022-04-07 12:21:13
CityPage\广州\海珠区\47.json,2022-04-07 12:21:42
CityPage\广州\海珠区\48.json,2022-04-07 12:21:43
CityPage\广州\海珠区\49.json,2022-04-07 12:21:43
CityPage\广州\海珠区\50.json,2022-04-07 12:21:44
CityPage\广州\海珠区\51.json,2022-04-07 12:21:44
CityPage\广州\海珠区\52.json,2022-04-07 12:22:05
CityPage\广州\海珠区\53.json,2022-04-07 12:22:06
CityPage\广州\海珠区\54.json,2022-04-07 12:22:06
CityPage\广州\海珠区\55.json,2022-04-07 12:23:05
CityPage\广州\海珠区\56.json,2022-04-07 12:23:06
CityPage\广州\海珠区\57.json,2022-04-07 12:23:09
CityPage\广州\海珠区\58.json,2022-04-07 12:24:44
CityPage\广州\海珠区\59.json,2022-04-07 12:24:44
CityPage\广州\海珠区\60.json,2022-04-07 12:24:45
CityPage\广州\海珠区\61.json,2022-04-07 12:24:45
CityPage\广州\海珠区\62.json,2022-04-07 12:25:12
CityPage\广州\海珠区\63.json,2022-04-07 12:25:13
CityPage\广州\海珠区\64.json,2022-04-07 12:25:13
CityPage\广州\海珠区\65.json,2022-04-07 12:25:13
CityPage\广州\海珠区\66.json,2022-04-07 12:25:29
CityPage\广州\海珠区\67.json,2022-04-07 12:25:29
CityPage\广州\海珠区\68.json,2022-04-07 12:25:30
CityPage\广州\海珠区\69.json,2022-04-07 12:25:30
CityPage\广州\海珠区\70.json,2022-04-07 12:25:31
CityPage\广州\海珠区\71.json,2022-04-07 12:25:46
CityPage\广州\海珠区\72.json,2022-04-07 12:25:47
CityPage\广州\海珠区\73.json,2022-04-07 12:25:47
CityPage\广州\海珠区\74.json,2022-04-07 12:25:47
CityPage\广州\海珠区\75.json,2022-04-07 12:26:06
CityPage\广州\海珠区\76.json,2022-04-07 12:26:06
CityPage\广州\海珠区\77.json,2022-04-07 12:26:07
CityPage\广州\海珠区\78.json,2022-04-07 12:26:57
CityPage\广州\海珠区\79.json,2022-04-07 12:26:58
CityPage\广州\海珠区\80.json,2022-04-07 12:26:59
CityPage\广州\海珠区\81.json,2022-04-07 12:28:00
CityPage\广州\海珠区\82.json,2022-04-07 12:28:00
CityPage\广州\海珠区\83.json,2022-04-07 12:28:01
CityPage\广州\海珠区\84.json,2022-04-07 12:28:01
CityPage\广州\海珠区\85.json,2022-04-07 12:28:23
CityPage\广州\海珠区\86.json,2022-04-07 12:28:24
CityPage\广州\海珠区\87.json,2022-04-07 12:28:24
CityPage\广州\海珠区\88.json,2022-04-07 12:28:24
CityPage\广州\海珠区\89.json,2022-04-07 12:28:25
CityPage\广州\海珠区\90.json,2022-04-07 12:28:47
CityPage\广州\海珠区\91.json,2022-04-07 12:28:47
CityPage\广州\海珠区\92.json,2022-04-07 12:28:48
CityPage\广州\海珠区\93.json,2022-04-07 12:28:48
CityPage\广州\海珠区\94.json,2022-04-07 12:28:49
CityPage\广州\海珠区\95.json,2022-04-07 12:30:10
CityPage\广州\海珠区\96.json,2022-04-07 12:30:10
CityPage\广州\海珠区\97.json,2022-04-07 12:30:11
CityPage\广州\海珠区\98.json,2022-04-07 12:30:11
CityPage\广州\海珠区\99.json,2022-04-07 12:30:12
CityPage\广州\海珠区\100.json,2022-04-07 12:30:12
CityPage\广州\海珠区\101.json,2022-04-07 12:30:31
CityPage\广州\海珠区\102.json,2022-04-07 12:30:32
CityPage\广州\海珠区\103.json,2022-04-07 12:30:32
CityPage\广州\海珠区\104.json,2022-04-07 12:30:53
CityPage\广州\海珠区\105.json,2022-04-07 12:30:54
CityPage\广州\海珠区\106.json,2022-04-07 12:30:54
CityPage\广州\海珠区\107.json,2022-04-07 12:31:02
CityPage\广州\海珠区\108.json,2022-04-07 12:31:02
CityPage\广州\海珠区\109.json,2022-04-07 12:31:03
CityPage\广州\海珠区\110.json,2022-04-07 12:31:04
CityPage\广州\海珠区\111.json,2022-04-07 12:31:27
CityPage\广州\海珠区\112.json,2022-04-07 12:31:27
CityPage\广州\海珠区\113.json,2022-04-07 12:31:28
CityPage\广州\海珠区\114.json,2022-04-07 12:31:28
CityPage\广州\海珠区\115.json,2022-04-07 12:31:29
CityPage\广州\海珠区\116.json,2022-04-07 12:31:53
CityPage\广州\海珠区\117.json,2022-04-07 12:31:54
CityPage\广州\海珠区\118.json,2022-04-07 12:32:47
CityPage\广州\海珠区\119.json,2022-04-07 12:32:47
CityPage\广州\海珠区\120.json,2022-04-07 12:32:48
CityPage\广州\海珠区\121.json,2022-04-07 12:32:49
CityPage\广州\海珠区\122.json,2022-04-07 12:33:33
CityPage\广州\海珠区\123.json,2022-04-07 12:33:34
CityPage\广州\海珠区\124.json,2022-04-07 12:33:35
CityPage\广州\海珠区\125.json,2022-04-07 12:34:06
CityPage\广州\海珠区\126.json,2022-04-07 12:34:07
CityPage\广州\海珠区\127.json,2022-04-07 12:34:07
CityPage\广州\海珠区\128.json,2022-04-07 12:34:07
CityPage\广州\海珠区\129.json,2022-04-07 12:34:08
CityPage\广州\海珠区\130.json,2022-04-07 12:34:28
CityPage\广州\海珠区\131.json,2022-04-07 12:34:28
CityPage\广州\海珠区\132.json,2022-04-07 12:34:29
CityPage\广州\海珠区\133.json,2022-04-07 12:34:29
CityPage\广州\海珠区\134.json,2022-04-07 12:34:49
CityPage\广州\海珠区\135.json,2022-04-07 12:34:50
CityPage\广州\海珠区\136.json,2022-04-07 12:34:50
CityPage\广州\海珠区\137.json,2022-04-07 12:34:51
CityPage\广州\海珠区\138.json,2022-04-07 12:35:36
CityPage\广州\海珠区\139.json,2022-04-07 12:35:36
CityPage\广州\海珠区\140.json,2022-04-07 12:35:36
CityPage\广州\海珠区\141.json,2022-04-07 12:35:37
CityPage\广州\海珠区\142.json,2022-04-07 12:36:05
CityPage\广州\海珠区\143.json,2022-04-07 12:36:06
CityPage\广州\海珠区\144.json,2022-04-07 12:36:24
CityPage\广州\海珠区\145.json,2022-04-07 12:36:24
CityPage\广州\海珠区\146.json,2022-04-07 12:36:25
CityPage\广州\海珠区\147.json,2022-04-07 12:36:26
CityPage\广州\海珠区\148.json,2022-04-07 12:36:42
CityPage\广州\海珠区\149.json,2022-04-07 12:36:42
CityPage\广州\海珠区\150.json,2022-04-07 12:36:43
CityPage\广州\海珠区\151.json,2022-04-07 12:37:43
CityPage\广州\海珠区\152.json,2022-04-07 12:37:43
CityPage\广州\海珠区\153.json,2022-04-07 12:37:44
CityPage\广州\海珠区\154.json,2022-04-07 12:37:44
CityPage\广州\海珠区\155.json,2022-04-07 12:37:45
CityPage\广州\海珠区\156.json,2022-04-07 12:38:03
CityPage\广州\海珠区\157.json,2022-04-07 12:38:04
CityPage\广州\海珠区\158.json,2022-04-07 12:38:04
CityPage\广州\海珠区\159.json,2022-04-07 12:38:05
CityPage\广州\海珠区\160.json,2022-04-07 12:38:32
CityPage\广州\海珠区\161.json,2022-04-07 12:38:33
CityPage\广州\海珠区\162.json,2022-04-07 12:38:33
CityPage\广州\海珠区\163.json,2022-04-07 12:38:34
CityPage\广州\海珠区\164.json,2022-04-07 12:39:01
CityPage\广州\海珠区\165.json,2022-04-07 12:39:02
CityPage\广州\海珠区\166.json,2022-04-07 12:39:02
CityPage\广州\海珠区\167.json,2022-04-07 12:39:03
CityPage\广州\海珠区\168.json,2022-04-07 12:39:26
CityPage\广州\海珠区\169.json,2022-04-07 12:39:27
CityPage\广州\海珠区\170.json,2022-04-07 12:39:27
CityPage\广州\海珠区\171.json,2022-04-07 12:45:49
CityPage\广州\海珠区\172.json,2022-04-07 12:45:52
CityPage\广州\海珠区\173.json,2022-04-07 12:45:55
CityPage\广州\海珠区\174.json,2022-04-07 12:47:35
CityPage\广州\海珠区\175.json,2022-04-07 12:47:35
CityPage\广州\海珠区\176.json,2022-04-07 12:47:36
CityPage\广州\海珠区\177.json,2022-04-07 12:47:36
CityPage\广州\海珠区\178.json,2022-04-07 12:47:36
CityPage\广州\海珠区\179.json,2022-04-07 12:47:36
CityPage\广州\海珠区\180.json,2022-04-07 12:48:20
CityPage\广州\海珠区\181.json,2022-04-07 12:48:21
CityPage\广州\海珠区\182.json,2022-04-07 12:48:21
CityPage\广州\海珠区\183.json,2022-04-07 12:48:22
CityPage\广州\海珠区\184.json,2022-04-07 12:48:22
CityPage\广州\海珠区\185.json,2022-04-07 12:49:08
CityPage\广州\海珠区\186.json,2022-04-07 12:49:08
CityPage\广州\海珠区\187.json,2022-04-07 12:49:09
CityPage\广州\海珠区\188.json,2022-04-07 12:49:28
CityPage\广州\海珠区\189.json,2022-04-07 12:49:29
CityPage\广州\海珠区\190.json,2022-04-07 12:49:29
CityPage\广州\海珠区\191.json,2022-04-07 12:49:29
CityPage\广州\海珠区\192.json,2022-04-07 12:49:50
CityPage\广州\海珠区\193.json,2022-04-07 12:49:50
CityPage\广州\海珠区\194.json,2022-04-07 12:49:51
CityPage\广州\海珠区\195.json,2022-04-07 12:49:51
CityPage\广州\海珠区\196.json,2022-04-07 12:50:07
CityPage\广州\海珠区\197.json,2022-04-07 12:50:08
CityPage\广州\海珠区\198.json,2022-04-07 12:50:08
CityPage\广州\海珠区\199.json,2022-04-07 12:50:08
CityPage\广州\海珠区\200.json,2022-04-07 12:50:09
CityPage\广州\海珠区\201.json,2022-04-07 12:50:09
CityPage\广州\海珠区\202.json,2022-04-07 12:50:32
CityPage\广州\海珠区\203.json,2022-04-07 12:50:32
CityPage\广州\海珠区\204.json,2022-04-07 12:50:33
CityPage\广州\海珠区\205.json,2022-04-07 12:50:34
CityPage\广州\海珠区\206.json,2022-04-07 12:50:34
CityPage\广州\海珠区\207.json,2022-04-07 12:50:55
CityPage\广州\海珠区\208.json,2022-04-07 12:50:55
CityPage\广州\海珠区\209.json,2022-04-07 12:50:56
CityPage\广州\海珠区\210.json,2022-04-07 12:50:56
CityPage\广州\海珠区\211.json,2022-04-07 12:50:57
CityPage\广州\海珠区\212.json,2022-04-07 12:50:57
CityPage\广州\海珠区\213.json,2022-04-07 12:50:58
CityPage\广州\海珠区\214.json,2022-04-07 12:50:58
CityPage\广州\海珠区\215.json,2022-04-07 12:51:22
CityPage\广州\海珠区\216.json,2022-04-07 12:51:22
CityPage\广州\海珠区\217.json,2022-04-07 12:51:23
CityPage\广州\海珠区\218.json,2022-04-07 12:51:23
CityPage\广州\海珠区\219.json,2022-04-07 12:51:43
CityPage\广州\海珠区\220.json,2022-04-07 12:51:44
CityPage\广州\海珠区\221.json,2022-04-07 12:51:44
CityPage\广州\海珠区\222.json,2022-04-07 12:51:45
CityPage\广州\海珠区\223.json,2022-04-07 12:51:45
CityPage\广州\海珠区\224.json,2022-04-07 12:52:08
CityPage\广州\海珠区\225.json,2022-04-07 12:52:08
CityPage\广州\海珠区\226.json,2022-04-07 12:52:09
CityPage\广州\海珠区\227.json,2022-04-07 12:52:09
CityPage\广州\海珠区\228.json,2022-04-07 12:52:31
CityPage\广州\海珠区\229.json,2022-04-07 12:52:32
CityPage\广州\海珠区\230.json,2022-04-07 12:52:32
CityPage\广州\海珠区\231.json,2022-04-07 12:52:33
CityPage\广州\海珠区\232.json,2022-04-07 12:53:29
CityPage\广州\海珠区\233.json,2022-04-07 12:53:29
CityPage\广州\海珠区\234.json,2022-04-07 12:53:29
CityPage\广州\海珠区\235.json,2022-04-07 12:53:30
CityPage\广州\海珠区\236.json,2022-04-07 12:53:30
CityPage\广州\海珠区\237.json,2022-04-07 12:53:46
CityPage\广州\海珠区\238.json,2022-04-07 12:53:46
CityPage\广州\海珠区\239.json,2022-04-07 12:53:47
CityPage\广州\海珠区\240.json,2022-04-07 12:54:08
CityPage\广州\海珠区\241.json,2022-04-07 12:54:09
CityPage\广州\海珠区\242.json,2022-04-07 12:54:11
CityPage\广州\海珠区\243.json,2022-04-07 12:56:25
CityPage\广州\海珠区\244.json,2022-04-07 12:56:26
CityPage\广州\海珠区\245.json,2022-04-07 12:56:26
CityPage\广州\海珠区\246.json,2022-04-07 12:56:27
CityPage\广州\海珠区\247.json,2022-04-07 12:56:55
CityPage\广州\海珠区\248.json,2022-04-07 12:56:56
CityPage\广州\海珠区\249.json,2022-04-07 12:56:56
CityPage\广州\海珠区\250.json,2022-04-07 12:56:57
CityPage\广州\海珠区\251.json,2022-04-07 12:57:15
CityPage\广州\海珠区\252.json,2022-04-07 12:57:16
CityPage\广州\海珠区\253.json,2022-04-07 12:57:16
CityPage\广州\海珠区\254.json,2022-04-07 12:57:17
CityPage\广州\海珠区\255.json,2022-04-07 12:58:26
CityPage\广州\海珠区\256.json,2022-04-07 12:58:27
CityPage\广州\海珠区\257.json,2022-04-07 12:58:28
CityPage\广州\海珠区\258.json,2022-04-07 14:24:37
CityPage\广州\海珠区\259.json,2022-04-07 14:24:38
CityPage\广州\海珠区\260.json,2022-04-07 14:24:39
CityPage\广州\海珠区\261.json,2022-04-07 14:27:22
CityPage\广州\海珠区\262.json,2022-04-07 14:27:22
CityPage\广州\海珠区\263.json,2022-04-07 14:27:39
CityPage\广州\海珠区\264.json,2022-04-07 14:27:40
CityPage\广州\海珠区\265.json,2022-04-07 14:27:40
CityPage\广州\海珠区\266.json,2022-04-07 14:27:40
CityPage\广州\海珠区\267.json,2022-04-07 14:27:41
CityPage\广州\海珠区\268.json,2022-04-07 14:27:58
CityPage\广州\海珠区\269.json,2022-04-07 14:27:59
CityPage\广州\海珠区\270.json,2022-04-07 14:28:00
CityPage\广州\海珠区\271.json,2022-04-07 14:28:00
CityPage\广州\海珠区\272.json,2022-04-07 14:28:35
CityPage\广州\海珠区\273.json,2022-04-07 14:28:35
CityPage\广州\海珠区\274.json,2022-04-07 14:28:36
CityPage\广州\海珠区\275.json,2022-04-07 14:28:36
CityPage\广州\海珠区\276.json,2022-04-07 14:28:36
CityPage\广州\海珠区\277.json,2022-04-07 14:29:07
CityPage\广州\海珠区\278.json,2022-04-07 14:29:07
CityPage\广州\海珠区\279.json,2022-04-07 14:29:07
